{"posicion_coche_x_0":[1, 1, 1, 1, 1, 1, 1, 1, 1, 1, 1, 1, 1, 1, 1, 1, 1, 1, 1, 1, 1, 1, 1, 1, 1, 1, 1, 1, 1, 1, 1, 1, 1, 1, 1, 1, 1, 1, 1, 1, 1, 1, 1, 1, 1, 1, 1, 1, 1, 1, 1, 1, 1, 1, 1, 1, 1, 1, 1, 1, 1, 1, 1, 1, 1, 1, 1, 1, 1, 1, 1, 1, 1, 1, 1, 1, 1, 1, 1, 1, 1, 1, 1, 1, 1, 1, 1, 1, 1, 1, 1, 1, 1, 1, 1, 1, 1, 1, 1, 1, 1, 1, 1, 1, 1, 1, 1, 1, 1, 1, 1, 1, 1, 1, 1, 1, 1, 1, 1, 1, 1, 1, 1, 1, 1, 1, 1, 1, 1, 1, 1, 1, 1, 1, 1, 1, 1, 1, 1, 1, 1, 1, 1, 1, 1, 1, 1, 1, 1, 1, 1, 1, 1, 1, 1, 1, 1, 1, 1, 1, 1, 1, 1, 1, 1, 1, 1, 1, 1, 1, 1, 1, 1, 1, 1, 1, 1, 1, 1, 1, 1, 1, 1, 1, 1, 1, 1, 1, 1, 1, 1, 1, 1, 1, 1, 1, 1, 1, 1, 1, 1, 1, 1, 1, 1, 1, 1, 1, 1, 1, 1, 1, 1, 1, 1, 1, 1, 1, 1, 1, 1, 1, 1, 1, 1, 1, 1, 1, 1, 1, 1, 1, 1, 1, 1, 1, 1, 1, 1, 1, 1, 1, 1, 1, 1, 1, 1, 1, 1, 1, 1, 1, 1, 1, 1, 1, 1, 1, 1, 1, 1, 1], "posicion_coche_y_0":[0, 0, 0, 0, 0, 0, 0, 0, 0, 0, 0, 0, 0, 0, 0, 0, 0, 0, 0, 0, 0, 0, 0, 0, 0, 0, -0, -0, -0, -0, -0, -0, -0, -0, -0, -0, -0.000001, -0.000001, -0.000001, -0.000001, -0.000001, -0.000001, -0.000001, -0.000001, -0.000002, -0.000002, -0.000002, -0.000002, -0.000002, -0.000002, -0.000003, -0.000003, -0.000003, -0.000003, -0.000003, -0.000003, -0.000003, -0.000004, -0.000004, -0.000004, -0.000004, -0.000004, -0.000004, -0.000004, -0.000004, -0.000004, -0.000004, -0.000004, -0.000004, -0.000004, -0.000005, -0.000005, -0.000005, -0.000005, -0.000005, -0.000005, -0.000005, -0.000005, -0.000005, -0.000005, -0.000005, -0.000005, -0.000005, -0.000005, -0.000005, -0.000005, -0.000005, -0.000004, -0.000004, -0.000004, -0.000004, -0.000004, -0.000004, -0.000004, -0.000004, -0.000004, -0.000004, -0.000004, -0.000004, -0.000004, -0.000004, -0.000004, -0.000004, -0.000004, -0.000004, -0.000004, -0.000004, -0.000004, -0.000004, -0.000003, -0.000003, -0.000003, -0.000003, -0.000003, -0.000003, -0.000003, -0.000003, -0.000003, -0.000003, -0.000003, -0.000003, -0.000003, -0.000003, -0.000003, -0.000003, -0.000003, -0.000003, -0.000003, -0.000003, -0.000003, -0.000003, -0.000003, -0.000002, -0.000002, -0.000002, -0.000002, -0.000002, -0.000002, -0.000002, -0.000002, -0.000002, -0.000002, -0.000002, -0.000002, -0.000002, -0.000002, -0.000002, -0.000002, -0.000002, -0.000002, -0.000002, -0.000002, -0.000002, -0.000002, -0.000002, -0.000002, -0.000002, -0.000002, -0.000002, -0.000002, -0.000002, -0.000003, -0.000003, -0.000003, -0.000003, -0.000003, -0.000003, -0.000003, -0.000003, -0.000003, -0.000003, -0.000003, -0.000003, -0.000003, -0.000003, -0.000003, -0.000003, -0.000003, -0.000003, -0.000003, -0.000003, -0.000003, -0.000003, -0.000003, -0.000003, -0.000003, -0.000003, -0.000003, -0.000003, -0.000003, -0.000003, -0.000003, -0.000003, -0.000003, -0.000003, -0.000003, -0.000003, -0.000003, -0.000003, -0.000003, -0.000003, -0.000003, -0.000003, -0.000003, -0.000003, -0.000003, -0.000003, -0.000003, -0.000003, -0.000003, -0.000003, -0.000003, -0.000003, -0.000003, -0.000003, -0.000003, -0.000003, -0.000003, -0.000003, -0.000003, -0.000003, -0.000003, -0.000003, -0.000003, -0.000003, -0.000003, -0.000003, -0.000003, -0.000003, -0.000003, -0.000003, -0.000003, -0.000003, -0.000003, -0.000003, -0.000003, -0.000003, -0.000003, -0.000003, -0.000003, -0.000003, -0.000003, -0.000003, -0.000003, -0.000003, -0.000003, -0.000003, -0.000003, -0.000003, -0.000003, -0.000003, -0.000003, -0.000003, -0.000003, -0.000003, -0.000003, -0.000003, -0.000003, -0.000003, -0.000003, -0.000003, -0.000003], "posicion_coche_x_1":[0, 0, 0, 0, 0, 0, 0, 0, 0, 0, 0, 0, 0, 0, 0, 0, 0, 0, 0, 0, 0, 0, 0, 0, 0, 0, 0, 0, 0, 0, 0, 0, 0, 0, 0, 0, 0.000001, 0.000001, 0.000001, 0.000001, 0.000001, 0.000001, 0.000001, 0.000001, 0.000002, 0.000002, 0.000002, 0.000002, 0.000002, 0.000002, 0.000003, 0.000003, 0.000003, 0.000003, 0.000003, 0.000003, 0.000003, 0.000004, 0.000004, 0.000004, 0.000004, 0.000004, 0.000004, 0.000004, 0.000004, 0.000004, 0.000004, 0.000004, 0.000004, 0.000004, 0.000005, 0.000005, 0.000005, 0.000005, 0.000005, 0.000005, 0.000005, 0.000005, 0.000005, 0.000005, 0.000005, 0.000005, 0.000005, 0.000005, 0.000005, 0.000005, 0.000005, 0.000004, 0.000004, 0.000004, 0.000004, 0.000004, 0.000004, 0.000004, 0.000004, 0.000004, 0.000004, 0.000004, 0.000004, 0.000004, 0.000004, 0.000004, 0.000004, 0.000004, 0.000004, 0.000004, 0.000004, 0.000004, 0.000004, 0.000003, 0.000003, 0.000003, 0.000003, 0.000003, 0.000003, 0.000003, 0.000003, 0.000003, 0.000003, 0.000003, 0.000003, 0.000003, 0.000003, 0.000003, 0.000003, 0.000003, 0.000003, 0.000003, 0.000003, 0.000003, 0.000003, 0.000003, 0.000002, 0.000002, 0.000002, 0.000002, 0.000002, 0.000002, 0.000002, 0.000002, 0.000002, 0.000002, 0.000002, 0.000002, 0.000002, 0.000002, 0.000002, 0.000002, 0.000002, 0.000002, 0.000002, 0.000002, 0.000002, 0.000002, 0.000002, 0.000002, 0.000002, 0.000002, 0.000002, 0.000002, 0.000002, 0.000003, 0.000003, 0.000003, 0.000003, 0.000003, 0.000003, 0.000003, 0.000003, 0.000003, 0.000003, 0.000003, 0.000003, 0.000003, 0.000003, 0.000003, 0.000003, 0.000003, 0.000003, 0.000003, 0.000003, 0.000003, 0.000003, 0.000003, 0.000003, 0.000003, 0.000003, 0.000003, 0.000003, 0.000003, 0.000003, 0.000003, 0.000003, 0.000003, 0.000003, 0.000003, 0.000003, 0.000003, 0.000003, 0.000003, 0.000003, 0.000003, 0.000003, 0.000003, 0.000003, 0.000003, 0.000003, 0.000003, 0.000003, 0.000003, 0.000003, 0.000003, 0.000003, 0.000003, 0.000003, 0.000003, 0.000003, 0.000003, 0.000003, 0.000003, 0.000003, 0.000003, 0.000003, 0.000003, 0.000003, 0.000003, 0.000003, 0.000003, 0.000003, 0.000003, 0.000003, 0.000003, 0.000003, 0.000003, 0.000003, 0.000003, 0.000003, 0.000003, 0.000003, 0.000003, 0.000003, 0.000003, 0.000003, 0.000003, 0.000003, 0.000003, 0.000003, 0.000003, 0.000003, 0.000003, 0.000003, 0.000003, 0.000003, 0.000003, 0.000003, 0.000003, 0.000003, 0.000003, 0.000003, 0.000003, 0.000003, 0.000003], "posicion_coche_z_0":[0, 0, 0, 0, 0, 0, 0, 0, 0, 0, 0, 0, 0, 0, 0, 0, 0, 0, 0, 0, 0, 0, 0, 0, 0, 0, 0, 0, 0, 0, 0, 0, 0, 0, 0, 0, 0, 0, 0, 0, 0, 0, 0, 0, 0, 0, 0, 0, 0, 0, 0, 0, 0, 0, 0, 0, 0, 0, 0, 0, 0, 0, 0, 0, 0, 0, 0, 0, 0, 0, 0, 0, 0, 0, 0, 0, 0, 0, 0, 0, 0, 0, 0, 0, 0, 0, 0, 0, 0, 0, 0, 0, 0, 0, 0, 0, 0, 0, 0, 0, 0, 0, 0, 0, 0, 0, 0, 0, 0, 0, 0, 0, 0, 0, 0, 0, 0, 0, 0, 0, 0, 0, 0, 0, 0, 0, 0, 0, 0, 0, 0, 0, 0, 0, 0, 0, 0, 0, 0, 0, 0, 0, 0, 0, 0, 0, 0, 0, 0, 0, 0, 0, 0, 0, 0, 0, 0, 0, 0, 0, 0, 0, 0, 0, 0, 0, 0, 0, 0, 0, 0, 0, 0, 0, 0, 0, 0, 0, 0, 0, 0, 0, 0, 0, 0, 0, 0, 0, 0, 0, 0, 0, 0, 0, 0, 0, 0, 0, 0, 0, 0, 0, 0, 0, 0, 0, 0, 0, 0, 0, 0, 0, 0, 0, 0, 0, 0, 0, 0, 0, 0, 0, 0, 0, 0, 0, 0, 0, 0, 0, 0, 0, 0, 0, 0, 0, 0, 0, 0, 0, 0, 0, 0, 0, 0, 0, 0, 0, 0, 0, 0, 0, 0, 0, 0, 0, 0, 0, 0, 0, 0, 0],